,Year,value,change (times of 2020)
0,2020,247.69906020890002,1.0
1,2030,329.1637228410124,1.3288856347028857
2,2050,689.5433069908815,2.783794603053184
3,2085,1449.0811688055014,5.850168214539858
