,Year,value,change (times if 2020)
0,2020,0.6840068121999999,1.0
1,2030,1.787289761142086,2.612970703308569
2,2050,4.107907402663352,6.005652764554957
3,2085,8.726316875364999,12.757646151648956
