,Year,value,change (times of 2020)
0,2020,244.87434127879868,1.0
1,2030,260.28489896374964,1.0629325130778216
2,2050,281.9052479851869,1.151224119738324
3,2085,300.6209373564679,1.2276538888743742
