,Year,value,change (times of 2020)
0,2020,133.95345244313722,1.0
1,2030,383.60473252992745,2.863716653311092
2,2050,961.4089475078417,7.177186776249433
3,2085,1172.1486401198097,8.75041754237266
