,Year,value,change (times if 2020)
0,2020,0.46121007403,1.0
1,2030,1.011681417879305,2.1935371208164436
2,2050,3.390431954358999,7.351166302014609
3,2085,10.519637451500001,22.808776398964213
