,Year,value
0,2025,0.3357311053176001
1,2030,2.3107780103875
2,2050,9.815183274208222
3,2085,16.483664488536302
