,Year,value,change (times if 2020)
0,2020,0.49003696639,1.0
1,2030,1.3527954892707301,2.7605988569321456
2,2050,3.9926540634670005,8.147658926386818
3,2085,8.551407518900001,17.45053558284885
