,Year,value
0,2025,0.28800358265736997
1,2030,1.4724716205705004
2,2050,8.0638911106864
3,2085,25.541001890824
