,Year,value
0,2025,0.34395376162919983
1,2030,1.7762243380235996
2,2050,9.175957862714402
3,2085,19.041509254214898
