,Year,value,change (times of 2020)
0,2020,134.65697377492702,1.0
1,2030,180.60173690451504,1.3411985420553307
2,2050,259.47501996112624,1.9269333974104221
3,2085,312.97101422609205,2.3242094742839594
