,Year,value
0,2025,0.25871603750292
1,2030,1.8437697637811596
2,2050,8.2450798155176
3,2085,32.959564554059114
