,Year,value,change (times if 2020)
0,2020,0.55191434089,1.0
1,2030,2.340078386494505,4.239930389779267
2,2050,5.2963994365854,9.596415682992744
3,2085,7.191575548464,13.030238599828893
